{
  "video": "video",
  "fps": 20.0,
  "total_frames": 613,
  "n_tracks": 4,
  "n_detections": 194,
  "track_summaries": [
    {
      "track_id": 2,
      "n_frames": 45,
      "first_frame": 239,
      "last_frame": 438,
      "trajectory": [
        [
          966.4997775492766,
          468.49938223938216
        ],
        [
          970.4230724257861,
          473.3147905222595
        ],
        [
          975.8927117150703,
          478.3076914047175
        ],
        [
          983.8440329084284,
          483.3074277519272
        ],
        [
          991.3527153742984,
          487.3445059552439
        ],
        [
          998.8528824065911,
          489.9015130842322
        ],
        [
          1005.3721235064063,
          493.84799539036976
        ],
        [
          1011.8724936644999,
          496.88309850925793
        ],
        [
          1020.8244060693924,
          500.84731243094143
        ],
        [
          1032.2753862495301,
          506.77180923317974
        ],
        [
          1045.7359674388672,
          512.2875529630097
        ],
        [
          1058.2544469907298,
          516.3437688394264
        ],
        [
          1076.148994122683,
          521.3087657906846
        ],
        [
          1095.6181086026795,
          526.3074675982372
        ],
        [
          1113.6463712602526,
          532.2703314687351
        ],
        [
          1126.2527233496178,
          538.7504101735445
        ],
        [
          1139.7355314525716,
          542.3609352793951
        ],
        [
          1158.6293923412406,
          546.8279464503858
        ],
        [
          1175.6658262220008,
          556.1412830504652
        ],
        [
          1194.6280513599286,
          564.671448063782
        ],
        [
          1216.5696109920202,
          574.6169348500123
        ],
        [
          1249.356869971722,
          581.7261770114035
        ],
        [
          1290.1988741923922,
          588.2487725738187
        ],
        [
          1313.5421166439303,
          598.1198026600614
        ],
        [
          1341.4525304709093,
          606.6706513994459
        ],
        [
          1375.3353797034827,
          613.2467132409126
        ],
        [
          1404.9196964594203,
          623.6011822924773
        ],
        [
          1442.75779650063,
          636.5030648878482
        ],
        [
          1486.1488735120363,
          649.9808819202135
        ],
        [
          1520.8199190421496,
          664.9244272254599
        ],
        [
          1560.717401221071,
          676.5521413723209
        ],
        [
          1604.638477449001,
          685.168141978813
        ],
        [
          1660.4061044848322,
          703.3015643856002
        ],
        [
          1712.478585665997,
          726.1210728426246
        ],
        [
          1780.1721738672618,
          751.5216588200886
        ],
        [
          1838.3586580165338,
          775.0921477189215
        ],
        [
          1838.3586580165338,
          775.0921477189215
        ],
        [
          1739.0000000000002,
          154.00000000000273
        ],
        [
          1767.773745505084,
          152.0321591413786
        ],
        [
          1810.3054614820708,
          148.03861598313213
        ],
        [
          1825.233407853532,
          146.55700599738884
        ],
        [
          1840.6966939667302,
          144.5762900947795
        ],
        [
          1856.6863588532774,
          144.502829445669
        ],
        [
          1869.7438736831602,
          142.0928248938396
        ],
        [
          1885.1968854307595,
          141.52198667908894
        ]
      ]
    },
    {
      "track_id": 4,
      "n_frames": 8,
      "first_frame": 312,
      "last_frame": 471,
      "trajectory": [
        [
          1741.9963139967042,
          352.49947775224564
        ],
        [
          1768.4806968436155,
          353.46294333374595
        ],
        [
          1793.5090626098586,
          354.461537733123
        ],
        [
          1819.9807514108809,
          353.0542054852376
        ],
        [
          1845.0090635929234,
          354.44637839882427
        ],
        [
          1870.4999893162337,
          356.4238353186845
        ],
        [
          1884.7210504406978,
          358.4229992413304
        ],
        [
          933.0000000000023,
          313.5000000000002
        ]
      ]
    },
    {
      "track_id": 9,
      "n_frames": 17,
      "first_frame": 372,
      "last_frame": 388,
      "trajectory": [
        [
          1621.9978243149067,
          161.5002625878028
        ],
        [
          1640.6345722149927,
          159.57408452005535
        ],
        [
          1648.3486858137733,
          159.5027476402036
        ],
        [
          1667.6219502487802,
          158.53718988649862
        ],
        [
          1679.2714914274386,
          158.01992328892894
        ],
        [
          1697.6397030783878,
          156.07491487891193
        ],
        [
          1715.156405635558,
          155.03986642385664
        ],
        [
          1732.6567269574566,
          152.59419852062626
        ],
        [
          1747.2144467984112,
          152.0220376241347
        ],
        [
          1767.109748830591,
          151.51936132209272
        ],
        [
          1786.1269725494394,
          148.61198201885966
        ],
        [
          1806.1080660109203,
          147.05978516036373
        ],
        [
          1822.1846538349462,
          146.5207613020431
        ],
        [
          1840.6380325066425,
          145.0564019680455
        ],
        [
          1858.646754554055,
          143.55772380843047
        ],
        [
          1874.19501706398,
          141.09486081498684
        ],
        [
          1886.753659192067,
          139.07769416054174
        ]
      ]
    },
    {
      "track_id": 14,
      "n_frames": 114,
      "first_frame": 493,
      "last_frame": 612,